product_id,product_name,category,description,approx_price_usd,price_basis,equipment_compatibility,key_features,connectivity
PP-001,20/20 SeedSense Gen3,Display / Monitor,Advanced planter monitor with row-by-row diagnostics and mapping,4200.00,per planter,JD 1720 / 1725 / 1755 / 7200 / 7300 / Kinze / Case IH planters,Row-by-row population - singulation - speed - skip/double - ride quality - mapping,CAN bus / tablet Bluetooth
PP-002,SpeedTube,Seed Delivery,Electric-driven seed tube for precise delivery at any planting speed,850.00,per row,JD 1720 / 1725 / 1755 / 7200 / 7300 / Kinze / Case IH planters,Electric belt delivery - eliminates bounce - maintains singulation above 8 mph,CAN bus / 20/20 integration
PP-003,vSet Meter,Seed Metering,Electric vacuum meter with individual row shutoff and variable rate,1200.00,per row,JD 1720 / 1725 / 7200 / 7300 / Kinze / Case IH planters,98.5%+ singulation - electric drive - variable rate - individual shutoff,CAN bus / 20/20 integration
PP-004,vDrive Electric Drive,Seed Metering / Drive,Electric row unit drive replacing mechanical chain/shaft drive,950.00,per row,JD 1720 / 1725 / 7200 / 7300 / Kinze / Case IH planters,Individual row electric drive - variable rate by row - multi-hybrid capable,CAN bus / 20/20 integration
PP-005,DeltaForce,Downforce,Hydraulic active downforce with real-time row-by-row load sensing,1500.00,per row,JD 1720 / 1725 / 1755 / 7200 / 7300 / Kinze / Case IH planters,Active hydraulic - row-by-row - eliminates compaction from excess force,CAN bus / 20/20 integration
PP-006,SmartDepth,Depth Control,Automated seed depth control adjusting for changing soil conditions,900.00,per row,JD 1720 / 1725 / 7200 / 7300 / Kinze / Case IH planters,Electric actuator - automatic depth adjustment by row - soil condition sensing,CAN bus / 20/20 integration
PP-007,CleanSweep,Row Cleaning,Hydraulic row cleaner with auto down-pressure adjustment,650.00,per row,JD 1720 / 1725 / 7200 / 7300 / Kinze / Case IH planters,Hydraulic auto-adjust - clears residue without moving soil,CAN bus / 20/20 integration
PP-008,FurrowForce,Closing System,Dual-action closing system with independent closing pressure,750.00,per row,JD 1720 / 1725 / 1755 / 7200 / 7300 / Kinze / Case IH planters,Dual closing wheels - independent pressure - eliminates sidewall compaction,CAN bus / 20/20 integration
PP-009,FurrowJet,Fertilizer Placement,In-furrow and 2x2 liquid fertilizer placement system,1100.00,per row,JD 1720 / 1725 / 7200 / 7300 / Kinze / Case IH planters,Three-outlet placement - in-furrow + dual 2x2 - variable rate,CAN bus / 20/20 integration
PP-010,Keeton Seed Firmer,Seed Firming,In-furrow blade pressing seeds into moisture,30.00,per row,Universal - JD / Kinze / Case IH / any planter with standard row units,Mechanical firmer - ensures seed-to-moisture contact - reduces floaters,N/A - mechanical part
PP-011,SmartFirmer,Seed Firming / Sensing,In-furrow firmer with organic matter and moisture sensors,350.00,per row,JD 1720 / 1725 / 1755 / 7200 / 7300 / Kinze / Case IH planters,Firmer + real-time OM and moisture mapping - enables prescription VRS,CAN bus / 20/20 integration
PP-012,WaveVision,Sensing / Seed Monitor,High-frequency seed sensor for accurate spacing measurement,350.00,per row,JD 1720 / 1725 / 1755 / 7200 / 7300 / Kinze / Case IH planters,Radar seed sensor - accurate at any speed - no dust interference,CAN bus / 20/20 integration
PP-013,RideQuality,Sensing / Ride,Accelerometer sensor monitoring planter bounce and ride dynamics,180.00,per planter,Universal planters,Real-time bounce detection - alerts operator to slow down - maps ride quality,CAN bus / 20/20 integration
PP-014,20/20 Connect,Data Management / Cloud,Wireless data platform for field-to-office planting data sync,600.00,per year,All 20/20 SeedSense equipped planters,Wireless prescription download - as-planted upload - fleet visibility,Cellular / cloud
PP-015,vApply HD,Fertilizer / Variable Rate,High-definition variable rate liquid fertilizer control per row,850.00,per row,JD 1720 / 1725 / 7200 / 7300 / Kinze / Case IH planters,Per-row variable rate liquid - servo valve - prescription-driven,CAN bus / 20/20 integration
PP-016,mSet Multi-Hybrid,Seed Metering / Multi-Hybrid,Multi-hybrid planting system allowing different varieties by zone,1400.00,per row,JD 1720 / 1725 / 7200 / 7300 / Kinze / Case IH planters,Two seed meters per row - prescription hybrid switching - variable rate,CAN bus / 20/20 integration
