rank,perf_tier,product_name,manufacturer,category,description,approx_price_usd,price_basis,estimated_yield_gain_bu_ac,estimated_roi_percent,payback_acres,fits_production,compatibility_notes
1,Top Tier,Keeton Seed Firmer,Precision Planting,Seed Firming,In-furrow firmer for Monosem furrow slot,30.00,per row,1.5,200,20,Yes - fits Monosem NG Plus furrow opener,Universal fit on Monosem row units
2,Top Tier,Martin Spading Closing Wheel,Martin Industries,Closing System,Spiked closing wheel for Monosem bolt pattern,135.00,per row,1.5,120,90,Yes - adapter kit available for Monosem closing wheel mount,Requires Monosem adapter bracket (included)
3,Top Tier,Copperhead Ag Furrow Cruiser,Copperhead Ag,Closing System,Notched rubber closing wheel for Monosem,95.00,per row,1.0,115,85,Yes - adapter for Monosem closing wheel mount,Good in lighter soils
4,Top Tier,SmartFirmer,Precision Planting,Seed Firming / Sensing,In-furrow firmer with soil sensors,350.00,per row,2.0,80,175,Yes - fits Monosem NG Plus furrow slot,Firms seed plus OM and moisture data
5,Top Tier,Yetter SharkTooth Closing Wheel,Yetter Manufacturing,Closing System,Aggressive tooth closing wheel for Monosem,110.00,per row,1.0,100,110,Yes - adapter for Monosem closing wheel mount,Best in heavy clay conditions
6,Strong,FurrowForce,Precision Planting,Closing System,Dual-action closing for Monosem closing position,750.00,per row,2.0,75,375,Yes - adapter kit for Monosem row unit,Eliminates sidewall compaction
7,Strong,DeltaForce,Precision Planting,Downforce,Hydraulic active downforce for Monosem rows,1500.00,per row,2.0,70,500,Yes - replaces Monosem production downforce springs,Replaces 20160A springs on parallel arms
8,Strong,CleanSweep,Precision Planting,Row Cleaning,Hydraulic row cleaner for Monosem toolbar,650.00,per row,1.5,65,430,Yes - mounts ahead of Monosem row unit,Bolt-on to NG Plus toolbar
9,Strong,20/20 SeedSense Gen3,Precision Planting,Monitoring / Display,Advanced monitor for Monosem NG Plus,4200.00,per planter,2.0,45,1200,Yes - CAN harness for Monosem row units,Alternative to Geocontrol monitor
