rank,roi_tier,product_name,manufacturer,category,approx_price_usd,price_basis,yield_gain_bu_ac,revenue_per_ac,roi_percent,payback_acres,composite_score,planter_compatibility,performance_benefit,source_notes
1,Top Tier,Mojo Wire,Ag Leader Technology,Seed Delivery,15.0,per row,1.0,4.5,250.0,15.0,132.2,JD 7200 / 7300 / universal finger pickup planters,Reduces seed ricochet in delivery tube for better singulation on older finger-pickup planters,Very low cost upgrade for older planters; best bang-for-buck on pre-2010 planters
2,Top Tier,Keeton Seed Firmer,Precision Planting,Seed Firming,30.0,per row,1.5,6.75,200.0,20.0,121.1,JD 1720 / 1725 / 1755 / 7200 / 7300 / Kinze / Case IH / universal,Ensures seed-to-moisture contact - reduces floaters and improves emergence uniformity,Widely validated across Midwest; one of highest ROI planter upgrades available at low per-row cost
3,Top Tier,Martin Spading Closing Wheel,Martin Industries,Closing System,135.0,per row,1.5,6.75,120.0,90.0,87.9,JD 1720 / 1725 / 1755 / 7200 / 7300 / Kinze / Case IH / universal,Breaks up sidewall compaction and smearing in wet conditions - works cloddy soil better than rubber,Popular aftermarket choice; field reports of 1-2 bu/ac improvement in heavy or wet soils
4,Top Tier,vSet Meter,Precision Planting,Seed Metering,1200.0,per row,3.0,13.5,90.0,400.0,84.1,JD 1720 / 1725 / 7200 / 7300 / Kinze / Case IH,98.5%+ singulation across all speeds and seed sizes - eliminates mechanical drive variability,Precision Planting published trials; consistent 2-4 bu/ac corn advantage vs finger meters
5,Top Tier,Copperhead Ag Furrow Cruiser,Copperhead Ag,Closing System,95.0,per row,1.0,4.5,115.0,85.0,81.0,JD 1720 / 1725 / 1755 / 7200 / 7300 / Kinze / Case IH / universal,Crumbles soil without smearing in lighter soil types - good in sandy loam to silt loam,Gaining popularity in lighter soil regions; cost-effective closing wheel upgrade
6,Top Tier,SpeedTube,Precision Planting,Seed Delivery,850.0,per row,2.5,11.25,85.0,320.0,79.3,JD 1720 / 1725 / 1755 / 7200 / 7300 / Kinze / Case IH,Maintains singulation above 8 mph - reduces skips and doubles at high speed,Precision Planting field data; university trials show 1.5-3.5 bu/ac gain at speeds over 7 mph
7,Top Tier,Precision Planting SmartFirmer,Precision Planting,Seed Firming / Sensing,350.0,per row,2.0,9.0,80.0,175.0,74.7,JD 1720 / 1725 / 1755 / 7200 / 7300 / Kinze / Case IH,Firms seed plus real-time furrow moisture and organic matter data for variable rate decisions,Dual benefit of firming plus data; enables precision variable rate seeding and fertility
8,Top Tier,Yetter SharkTooth Closing Wheel,Yetter Manufacturing,Closing System,110.0,per row,1.0,4.5,100.0,110.0,74.6,JD 1720 / 1725 / 1755 / 7200 / 7300 / Kinze / Case IH / universal,Aggressive soil fracturing in wet clay and high-residue fields - good in challenging conditions,Strong in heavy clay markets; 0.5-1.5 bu/ac in wet planting conditions
9,Strong,FurrowForce,Precision Planting,Closing System,750.0,per row,2.0,9.0,75.0,375.0,69.3,JD 1720 / 1725 / 1755 / 7200 / 7300 / Kinze / Case IH,Eliminates sidewall compaction and air pockets - firms seed into moisture for uniform emergence,Precision Planting research; 1-3 bu/ac from eliminating hair-pinning and sidewall compaction
10,Strong,DeltaForce,Precision Planting,Downforce,1500.0,per row,2.0,9.0,70.0,500.0,65.3,JD 1720 / 1725 / 1755 / 7200 / 7300 / Kinze / Case IH,Eliminates compaction from excess downforce and maintains consistent depth across variable soil types,University of Illinois and Precision Planting research; 1-3 bu/ac from reduced compaction and consistent depth
11,Strong,Schaffert Mfg V-Blade Fertilizer Opener,Schaffert Manufacturing,Fertilizer Placement,85.0,per row,1.0,4.5,80.0,85.0,64.6,JD 1720 / 1725 / 7200 / 7300 / Kinze,Precise 2x2 fertilizer placement with less draft and better sealing than standard knives,Proven fertilizer placement improvement; reduces horsepower requirement vs standard knives
12,Strong,CleanSweep,Precision Planting,Row Cleaning,650.0,per row,1.5,6.75,65.0,430.0,58.6,JD 1720 / 1725 / 7200 / 7300 / Kinze / Case IH,Consistent seed-to-soil contact in heavy residue - warmer seedbed for faster emergence,Field trials in no-till corn; 1-2 bu/ac improvement from better residue management
13,Strong,Martin Row Cleaner,Martin Industries,Row Cleaning,350.0,per row,1.0,4.5,55.0,350.0,51.0,JD 1720 / 1725 / 7200 / 7300 / Kinze / Case IH,Moves residue without disturbing soil - improves seed trench temperature in no-till,Field validated for no-till and strip-till operations
14,Strong,Yetter 2940 Row Cleaner,Yetter Manufacturing,Row Cleaning,400.0,per row,1.0,4.5,55.0,400.0,50.1,JD 1720 / 1725 / 7200 / 7300 / Kinze / Case IH,Clears residue ahead of row unit for warmer soil and better seed-to-soil contact,Well established in no-till corn and soybean markets
15,Moderate,WaveVision,Precision Planting,Monitoring / Sensing,350.0,per row,1.0,4.5,50.0,350.0,49.8,JD 1720 / 1725 / 1755 / 7200 / 7300 / Kinze / Case IH,True seed-by-seed spacing data even at high speeds - replaces optical sensors prone to dust and buildup,Upgrade from standard optical sensors; enables better agronomic decisions from accurate data
16,Moderate,Precision Planting 20/20 SeedSense,Precision Planting,Monitoring / Display,3500.0,per planter,2.0,9.0,45.0,1200.0,42.8,JD 1720 / 1725 / 7200 / 7300 / Kinze / Case IH,Full visibility into planter performance enables real-time adjustments - catches problems immediately,Per-planter cost; ROI comes from preventing yield loss by catching issues in-field
