product_name,manufacturer,category,description,approx_price_usd,price_basis,planter_compatibility,performance_benefit,estimated_yield_gain_bu_ac,estimated_roi_percent,payback_acres,source_notes
SpeedTube,Precision Planting,Seed Delivery,Electric-driven seed tube delivering seeds at ground speed - eliminates bounce and ricochet in the trench for precise spacing at any planting speed,850.00,per row,JD 1720 / 1725 / 1755 / 7200 / 7300 / Kinze / Case IH,Maintains singulation above 8 mph - reduces skips and doubles at high speed,2.5,85,320,Precision Planting field data; university trials show 1.5-3.5 bu/ac gain at speeds over 7 mph
vSet Meter,Precision Planting,Seed Metering,Electric vacuum meter with individual row shutoff and variable rate - replaces finger pickup or mechanical meters,1200.00,per row,JD 1720 / 1725 / 7200 / 7300 / Kinze / Case IH,98.5%+ singulation across all speeds and seed sizes - eliminates mechanical drive variability,3.0,90,400,Precision Planting published trials; consistent 2-4 bu/ac corn advantage vs finger meters
DeltaForce,Precision Planting,Downforce,Hydraulic active downforce system with real-time row-by-row load sensing and automatic adjustment,1500.00,per row,JD 1720 / 1725 / 1755 / 7200 / 7300 / Kinze / Case IH,Eliminates compaction from excess downforce and maintains consistent depth across variable soil types,2.0,70,500,University of Illinois and Precision Planting research; 1-3 bu/ac from reduced compaction and consistent depth
CleanSweep,Precision Planting,Row Cleaning,Hydraulic row cleaner with automatic down-pressure adjustment - clears residue without moving soil,650.00,per row,JD 1720 / 1725 / 7200 / 7300 / Kinze / Case IH,Consistent seed-to-soil contact in heavy residue - warmer seedbed for faster emergence,1.5,65,430,Field trials in no-till corn; 1-2 bu/ac improvement from better residue management
FurrowForce,Precision Planting,Closing System,Dual-action closing system with independent gauge of closing pressure and firming,750.00,per row,JD 1720 / 1725 / 1755 / 7200 / 7300 / Kinze / Case IH,Eliminates sidewall compaction and air pockets - firms seed into moisture for uniform emergence,2.0,75,375,Precision Planting research; 1-3 bu/ac from eliminating hair-pinning and sidewall compaction
Keeton Seed Firmer,Precision Planting,Seed Firming,In-furrow blade that presses each seed to the bottom of the trench into moisture,30.00,per row,JD 1720 / 1725 / 1755 / 7200 / 7300 / Kinze / Case IH / universal,Ensures seed-to-moisture contact - reduces floaters and improves emergence uniformity,1.5,200,20,Widely validated across Midwest; one of highest ROI planter upgrades available at low per-row cost
Martin Spading Closing Wheel,Martin Industries,Closing System,Spiked cast-iron closing wheel that fractures sidewall and crumbles soil back over seed,135.00,per row,JD 1720 / 1725 / 1755 / 7200 / 7300 / Kinze / Case IH / universal,Breaks up sidewall compaction and smearing in wet conditions - works cloddy soil better than rubber,1.5,120,90,Popular aftermarket choice; field reports of 1-2 bu/ac improvement in heavy or wet soils
Martin Row Cleaner,Martin Industries,Row Cleaning,Floating row cleaner with residue management fingers and adjustable down-pressure,350.00,per row,JD 1720 / 1725 / 7200 / 7300 / Kinze / Case IH,Moves residue without disturbing soil - improves seed trench temperature in no-till,1.0,55,350,Field validated for no-till and strip-till operations
Yetter SharkTooth Closing Wheel,Yetter Manufacturing,Closing System,Aggressive tooth profile closing wheel for heavy residue and tough soil conditions,110.00,per row,JD 1720 / 1725 / 1755 / 7200 / 7300 / Kinze / Case IH / universal,Aggressive soil fracturing in wet clay and high-residue fields - good in challenging conditions,1.0,100,110,Strong in heavy clay markets; 0.5-1.5 bu/ac in wet planting conditions
Yetter 2940 Row Cleaner,Yetter Manufacturing,Row Cleaning,Floating residue manager with pneumatic down-pressure option,400.00,per row,JD 1720 / 1725 / 7200 / 7300 / Kinze / Case IH,Clears residue ahead of row unit for warmer soil and better seed-to-soil contact,1.0,55,400,Well established in no-till corn and soybean markets
Copperhead Ag Furrow Cruiser,Copperhead Ag,Closing System,Notched rubber closing wheel designed for light to medium soils,95.00,per row,JD 1720 / 1725 / 1755 / 7200 / 7300 / Kinze / Case IH / universal,Crumbles soil without smearing in lighter soil types - good in sandy loam to silt loam,1.0,115,85,Gaining popularity in lighter soil regions; cost-effective closing wheel upgrade
Schaffert Mfg V-Blade Fertilizer Opener,Schaffert Manufacturing,Fertilizer Placement,V-shaped fertilizer knife for 2x2 placement with minimal soil disturbance,85.00,per row,JD 1720 / 1725 / 7200 / 7300 / Kinze,Precise 2x2 fertilizer placement with less draft and better sealing than standard knives,1.0,80,85,Proven fertilizer placement improvement; reduces horsepower requirement vs standard knives
Precision Planting SmartFirmer,Precision Planting,Seed Firming / Sensing,In-furrow firmer with built-in sensors for organic matter and soil moisture mapping,350.00,per row,JD 1720 / 1725 / 1755 / 7200 / 7300 / Kinze / Case IH,Firms seed plus real-time furrow moisture and organic matter data for variable rate decisions,2.0,80,175,Dual benefit of firming plus data; enables precision variable rate seeding and fertility
WaveVision,Precision Planting,Monitoring / Sensing,High-frequency seed sensor for accurate spacing measurement at any speed,350.00,per row,JD 1720 / 1725 / 1755 / 7200 / 7300 / Kinze / Case IH,True seed-by-seed spacing data even at high speeds - replaces optical sensors prone to dust and buildup,1.0,50,350,Upgrade from standard optical sensors; enables better agronomic decisions from accurate data
Mojo Wire,Ag Leader Technology,Seed Delivery,Stainless steel seed tube guard wire that reduces static and seed bounce in tube,15.00,per row,JD 7200 / 7300 / universal finger pickup planters,Reduces seed ricochet in delivery tube for better singulation on older finger-pickup planters,1.0,250,15,Very low cost upgrade for older planters; best bang-for-buck on pre-2010 planters
Precision Planting 20/20 SeedSense,Precision Planting,Monitoring / Display,Advanced planter monitor with row-by-row population - speed - singulation - skips - doubles,3500.00,per planter,JD 1720 / 1725 / 7200 / 7300 / Kinze / Case IH,Full visibility into planter performance enables real-time adjustments - catches problems immediately,2.0,45,1200,Per-planter cost; ROI comes from preventing yield loss by catching issues in-field
