rank,perf_tier,product_name,manufacturer,category,description,approx_price_usd,price_basis,hp_gain,torque_gain_pct,fuel_efficiency_gain_pct,estimated_roi_percent,payback_hours,fits_production,compatibility_notes
1,Top Tier,Donaldson PowerCore Air Filter,Donaldson,Engine / Intake,High-capacity air filtration - drops into Steiger factory airbox,380.00,per tractor,3,1,2,250,100,Yes - same dimensions as factory Steiger air filter,Direct replacement for 87684100/87684101
2,Top Tier,LED Light Conversion Kit,Grote Industries,Electrical / Lighting,Full LED conversion for Steiger production light housings,1400.00,per tractor,0,0,0,200,200,Yes - direct replacement in Steiger light housings,All Steiger/Quadtrac cab and chassis positions
3,Top Tier,Derale Auxiliary Trans Cooler,Derale Performance,Transmission / Cooling,Add-on powershift oil cooler for Steiger trans lines,650.00,per tractor,0,0,0,200,200,Yes - inline on Steiger production trans cooler hoses,Reduces trans temp 15-25 deg F in heavy tillage
4,Top Tier,aFe Power Intake Kit,aFe Power,Engine / Intake,High-flow intake for FPT Cursor 13 engine,450.00,per tractor,5,3,4,180,150,Yes - fits Steiger production airbox mounting,All Steiger 420-620 FPT Cursor 13 engines
5,Top Tier,Steinbauer Power Module,Steinbauer Performance,Engine / ECU Tuning,Plug-in ECU module for FPT Cursor 13,1800.00,per tractor,45,12,8,150,400,Yes - plug-in on Steiger OBD port - fully reversible,Validated on Steiger 540/580/620
6,Top Tier,AG Diesel Solutions Module,AG Diesel Solutions,Engine / ECU Tuning,Inline fuel controller for FPT Cursor 13 injection,1400.00,per tractor,35,10,6,130,350,Yes - inline connector on Steiger fuel rail harness,All Steiger FPT Cursor 13 engines
7,Top Tier,Bully Dog GT Tuner,Bully Dog (Derive Systems),Engine / ECU Tuning,Handheld ECU programmer for Steiger FPT Cursor 13,900.00,per tractor,40,10,5,120,300,Yes - programs through Steiger OBD-II port,Multiple power levels - all Steiger models
8,Top Tier,Outback eDriveX Steering,Hemisphere GNSS,Guidance / Steering,Aftermarket sub-inch auto-steer for Steiger steering column,6500.00,per tractor,0,0,8,120,500,Yes - universal mount fits Steiger steering column,Alternative to factory AccuGuide
9,Top Tier,Titan Bolt-On Wheel Weights,Titan Machinery,Ballast / Traction,Precision-fit wheel weights for Steiger rim bolt pattern,2800.00,per set,0,0,5,110,300,Yes - bolt-on to Steiger production rim bolt circle,Matched to Steiger axle load ratings
10,Strong,BorgWarner High-Flow Turbo,BorgWarner Aftermarket,Engine / Turbo,Larger compound turbo bolting to Steiger Cursor 13 manifold,4800.00,per tractor,55,15,3,90,600,Yes - direct bolt-on to Steiger exhaust manifold,For Steiger 540/580/620 - requires ECU tune
11,Strong,Raven Viper 4+ Rate Controller,Raven Industries,Precision Ag / Rate Control,Universal VRA controller via Steiger ISOBUS connector,4200.00,per tractor,0,0,0,95,600,Yes - ISOBUS standard on all Steiger models,5-12% input savings from prescription VRA
12,Strong,Flo-Pro Performance Exhaust,Flo-Pro Exhaust,Engine / Exhaust,Reduced backpressure exhaust for Steiger turbo downpipe,1400.00,per tractor,12,5,3,85,500,Yes - bolts to Steiger production turbo outlet,Retains DPF/SCR emissions - all Steiger models
13,Strong,C&R Racing Ag Radiator,C&R Racing Ag,Engine / Cooling,Aluminum 40% larger radiator for Steiger mounting brackets,2600.00,per tractor,0,0,3,55,900,Yes - Steiger production mount and hose connections,Prevents overheating at rated load
14,Strong,Ag Leader InCommand 1200,Ag Leader Technology,Precision Ag / Display,Universal ISOBUS display for Steiger cab,4800.00,per tractor,0,0,0,80,700,Yes - ISOBUS on Steiger - cab bracket included,Alternative to AFS Pro 1200
15,Moderate,Michelin YieldBib IF Tires,Michelin Ag,Tires / Traction,IF tires with CFO+ for Steiger production rims,10500.00,per set of 4,0,0,5,70,850,Yes - standard rim fitment on Steiger wheels,40% more load at same pressure
16,Moderate,LSW Wheel & Tire Package,Titan International,Tires / Traction,Low sidewall tires on larger rims for Steiger,9200.00,per set of 4,0,0,4,65,900,Yes - same hub bolt pattern as Steiger production,Eliminates power hop and road lope
